{
  "parent": "minecraft:item/generated",
  "textures": {
    "layer0": "minecraft:item/emerald"
  },
  "overrides": [
    {
      "predicate": {
        "custom_model_data": 1
      },
      "model": "minecraft:item/strenght"
    },{
      "predicate": {
        "custom_model_data": 2
      },
      "model": "minecraft:item/heal"
    },{
      "predicate": {
        "custom_model_data": 3
      },
      "model": "minecraft:item/air"
    },{
      "predicate": {
        "custom_model_data": 4
      },
      "model": "minecraft:item/fire"
    },{
      "predicate": {
        "custom_model_data": 5
      },
      "model": "minecraft:item/iron"
    },{
      "predicate": {
        "custom_model_data": 6
      },
      "model": "minecraft:item/light"
    },{
      "predicate": {
        "custom_model_data": 7
      },
      "model": "minecraft:item/sandgem"
    },{
      "predicate": {
        "custom_model_data": 8
      },
      "model": "minecraft:item/icegem"
    },{
      "predicate": {
        "custom_model_data": 9
      },
      "model": "minecraft:item/lava"
      }
  ]
}
